{
  "advantage_mean": [
    -0.0463710880279541,
    0.03212542772293091,
    -0.0021018217504024505,
    -0.00349297821521759,
    0.08460464477539062,
    0.019864168167114258,
    -0.11323579788208007,
    2.098291778564453,
    -0.16872665405273438,
    -0.25578285217285157,
    -0.2397523880004883,
    -0.3964787673950195,
    -0.44902519226074217,
    0.3609181594848633,
    1.1736117553710939,
    0.7017317199707032,
    -0.562698974609375,
    -0.03747090339660644,
    -0.021478986740112303,
    0.47098579406738283
  ],
  "advantage_mean_T": [
    200,
    10200,
    20200,
    30200,
    40200,
    50200,
    60200,
    70200,
    80200,
    90200,
    100200,
    110200,
    120200,
    130200,
    140200,
    150389,
    160587,
    170776,
    180966,
    191163
  ],
  "agent_grad_norm": [
    0.06843941658735275,
    0.022657155990600586,
    0.008430134505033493,
    0.00634363666176796,
    0.04204178601503372,
    0.015521659515798092,
    0.04316103830933571,
    1.7467595338821411,
    0.03515247628092766,
    0.04027627408504486,
    0.11280730366706848,
    0.24240730702877045,
    0.13400259613990784,
    0.9138635396957397,
    2.0954368114471436,
    2.161229133605957,
    1.5570483207702637,
    0.9059022665023804,
    0.732768177986145,
    1.1252295970916748
  ],
  "agent_grad_norm_T": [
    200,
    10200,
    20200,
    30200,
    40200,
    50200,
    60200,
    70200,
    80200,
    90200,
    100200,
    110200,
    120200,
    130200,
    140200,
    150389,
    160587,
    170776,
    180966,
    191163
  ],
  "critic_grad_norm": [
    0.8264398574829102,
    0.6053393483161926,
    0.05133745074272156,
    0.08251984417438507,
    1.0803704261779785,
    0.1943081170320511,
    1.2126128673553467,
    24.60979461669922,
    1.7389522790908813,
    2.9829461574554443,
    3.349686861038208,
    8.568562507629395,
    7.398200035095215,
    6.495722770690918,
    32.1607666015625,
    19.70032501220703,
    21.422475814819336,
    7.5626420974731445,
    10.04155158996582,
    27.235355377197266
  ],
  "critic_grad_norm_T": [
    200,
    10200,
    20200,
    30200,
    40200,
    50200,
    60200,
    70200,
    80200,
    90200,
    100200,
    110200,
    120200,
    130200,
    140200,
    150389,
    160587,
    170776,
    180966,
    191163
  ],
  "critic_loss": [
    0.00612272322177887,
    0.0019164055120199919,
    0.0006828714977018535,
    0.00030121501185931265,
    0.010771275497972965,
    0.0010603942209854722,
    0.014665667898952961,
    236.97117614746094,
    0.03294520452618599,
    0.07433878630399704,
    0.07975567132234573,
    0.26586949825286865,
    0.24463385343551636,
    18.939912796020508,
    39.02790832519531,
    28.464893341064453,
    8.080681800842285,
    9.15531063079834,
    8.112472534179688,
    13.980259895324707
  ],
  "critic_loss_T": [
    200,
    10200,
    20200,
    30200,
    40200,
    50200,
    60200,
    70200,
    80200,
    90200,
    100200,
    110200,
    120200,
    130200,
    140200,
    150389,
    160587,
    170776,
    180966,
    191163
  ],
  "ep_length_mean": [
    20.0,
    20.0,
    20.0,
    20.0,
    20.0,
    20.0,
    20.0,
    20.0,
    20.0,
    20.0,
    20.0,
    20.0,
    20.0,
    20.0,
    20.0,
    19.978431372549018,
    19.99607843137255,
    19.978431372549018,
    19.980392156862745,
    19.99411764705882
  ],
  "ep_length_mean_T": [
    200,
    10200,
    20200,
    30200,
    40200,
    50200,
    60200,
    70200,
    80200,
    90200,
    100200,
    110200,
    120200,
    130200,
    140200,
    150389,
    160587,
    170776,
    180966,
    191163
  ],
  "episode": [
    2500,
    5000,
    7510,
    10020
  ],
  "episode_T": [
    50000,
    100000,
    150189,
    200342
  ],
  "pg_loss": [
    0.0435141883790493,
    -0.03340131789445877,
    0.0008338771876879036,
    0.0021336006466299295,
    -0.08597603440284729,
    -0.021070051938295364,
    0.11190827190876007,
    -2.3868536949157715,
    0.16779394447803497,
    0.25404685735702515,
    0.23931719362735748,
    0.39748460054397583,
    0.4482136070728302,
    -0.36099785566329956,
    -1.2163934707641602,
    -0.7371166348457336,
    0.5566861629486084,
    0.02039063721895218,
    0.015007066540420055,
    -0.48411163687705994
  ],
  "pg_loss_T": [
    200,
    10200,
    20200,
    30200,
    40200,
    50200,
    60200,
    70200,
    80200,
    90200,
    100200,
    110200,
    120200,
    130200,
    140200,
    150389,
    160587,
    170776,
    180966,
    191163
  ],
  "pi_max": [
    0.22034961700439454,
    0.5243894577026367,
    0.5568915176391601,
    0.45981048583984374,
    0.40001262664794923,
    0.4670890426635742,
    0.44083930969238283,
    0.48929290771484374,
    0.5878190612792968,
    0.8267296600341797,
    0.8389058685302735,
    0.7303276824951171,
    0.8014082336425781,
    0.8090910339355468,
    0.79553466796875,
    0.7247608947753906,
    0.6568851470947266,
    0.7234548950195312,
    0.7132496643066406,
    0.6984933471679687
  ],
  "pi_max_T": [
    200,
    10200,
    20200,
    30200,
    40200,
    50200,
    60200,
    70200,
    80200,
    90200,
    100200,
    110200,
    120200,
    130200,
    140200,
    150389,
    160587,
    170776,
    180966,
    191163
  ],
  "q_taken_mean": [
    -0.028065314292907716,
    0.1524322509765625,
    0.17543569564819336,
    0.20812999725341796,
    0.12500268936157227,
    0.2272592544555664,
    0.3978605270385742,
    0.6253079986572265,
    0.6428761291503906,
    0.7423259735107421,
    0.910622329711914,
    1.3178401184082031,
    1.3472286987304687,
    1.4440170288085938,
    1.6960928344726562,
    2.6026495361328124,
    3.4987432861328127,
    2.7916360473632813,
    3.7094378662109375,
    4.079516296386719
  ],
  "q_taken_mean_T": [
    200,
    10200,
    20200,
    30200,
    40200,
    50200,
    60200,
    70200,
    80200,
    90200,
    100200,
    110200,
    120200,
    130200,
    140200,
    150389,
    160587,
    170776,
    180966,
    191163
  ],
  "return_mean": [
    {
      "dtype": "float64",
      "py/object": "numpy.float64",
      "value": 0.0
    },
    {
      "dtype": "float64",
      "py/object": "numpy.float64",
      "value": 0.0
    },
    {
      "dtype": "float64",
      "py/object": "numpy.float64",
      "value": 0.0
    },
    {
      "dtype": "float64",
      "py/object": "numpy.float64",
      "value": 0.0
    },
    {
      "dtype": "float64",
      "py/object": "numpy.float64",
      "value": 0.001
    },
    {
      "dtype": "float64",
      "py/object": "numpy.float64",
      "value": 0.001
    },
    {
      "dtype": "float64",
      "py/object": "numpy.float64",
      "value": 0.001
    },
    {
      "dtype": "float64",
      "py/object": "numpy.float64",
      "value": 0.004
    },
    {
      "dtype": "float64",
      "py/object": "numpy.float64",
      "value": 0.008
    },
    {
      "dtype": "float64",
      "py/object": "numpy.float64",
      "value": 0.005
    },
    {
      "dtype": "float64",
      "py/object": "numpy.float64",
      "value": 0.02
    },
    {
      "dtype": "float64",
      "py/object": "numpy.float64",
      "value": 0.044
    },
    {
      "dtype": "float64",
      "py/object": "numpy.float64",
      "value": 0.032
    },
    {
      "dtype": "float64",
      "py/object": "numpy.float64",
      "value": 0.031
    },
    {
      "dtype": "float64",
      "py/object": "numpy.float64",
      "value": 0.057
    },
    {
      "dtype": "float64",
      "py/object": "numpy.float64",
      "value": 0.07941176470588235
    },
    {
      "dtype": "float64",
      "py/object": "numpy.float64",
      "value": 0.10882352941176471
    },
    {
      "dtype": "float64",
      "py/object": "numpy.float64",
      "value": 0.12745098039215685
    },
    {
      "dtype": "float64",
      "py/object": "numpy.float64",
      "value": 0.1264705882352941
    },
    {
      "dtype": "float64",