{
  "advantage_mean": [
    0.033938479423522946,
    0.0001305648498237133
  ],
  "advantage_mean_T": [
    200,
    10200
  ],
  "agent_grad_norm": [
    0.060032282024621964,
    0.009665299206972122
  ],
  "agent_grad_norm_T": [
    200,
    10200
  ],
  "critic_grad_norm": [
    0.5362634658813477,
    0.03520950302481651
  ],
  "critic_grad_norm_T": [
    200,
    10200
  ],
  "critic_loss": [
    0.0032360688783228397,
    0.0007467315881513059
  ],
  "critic_loss_T": [
    200,
    10200
  ],
  "ep_length_mean": [
    20.0,
    20.0
  ],
  "ep_length_mean_T": [
    200,
    10200
  ],
  "pg_loss": [
    -0.036635905504226685,
    -0.0014370846329256892
  ],
  "pg_loss_T": [
    200,
    10200
  ],
  "pi_max": [
    0.2793448066711426,
    0.48500728607177734
  ],
  "pi_max_T": [
    200,
    10200
  ],
  "q_taken_mean": [
    -0.2654848289489746,
    -0.054621129035949706
  ],
  "q_taken_mean_T": [
    200,
    10200
  ],
  "return_mean": [
    {
      "dtype": "float64",
      "py/object": "numpy.float64",
      "value": 0.0
    },
    {
      "dtype": "float64",
      "py/object": "numpy.float64",
      "value": 0.0
    }
  ],
  "return_mean_T": [
    200,
    10200
  ],
  "return_std": [
    {
      "dtype": "float64",
      "py/object": "numpy.float64",
      "value": 0.0
    },
    {
      "dtype": "float64",
      "py/object": "numpy.float64",
      "value": 0.0
    }
  ],
  "return_std_T": [
    200,
    10200
  ],
  "target_mean": [
    -0.23154634475708008,
    -0.05449056625366211
  ],
  "target_mean_T": [
    200,
    10200
  ],
  "td_error_abs": [
    0.04671280860900879,
    0.018498659133911133
  ],
  "td_error_abs_T": [
    200,
    10200
  ],
  "test_ep_length_mean": [
    20.0
  ],
  "test_ep_length_mean_T": [
    200
  ],
  "test_return_mean": [
    {
      "dtype": "float64",
      "py/object": "numpy.float64",
      "value": 0.0
    }
  ],
  "test_return_mean_T": [
    200
  ],
  "test_return_std": [
    {
      "dtype": "float64",
      "py/object": "numpy.float64",
      "value": 0.0
    }
  ],
  "test_return_std_T": [
    200
  ]
}