{
  "advantage_mean": [
    0.07900009155273438,
    -0.010719097852706909,
    0.0024522459506988526,
    0.005737481713294983,
    -0.0010755618661642075,
    0.02500526428222656,
    0.009439469575881957,
    -0.7597126770019531,
    0.9860689544677734,
    0.7022792053222656,
    -0.016891309022903443,
    0.8541204833984375,
    -0.042680034637451174,
    -0.025502734184265137,
    -0.808114013671875
  ],
  "advantage_mean_T": [
    200,
    10200,
    20200,
    30200,
    40200,
    50200,
    60200,
    70200,
    80200,
    90200,
    100200,
    110200,
    120200,
    130393,
    140393
  ],
  "agent_grad_norm": [
    0.08449535816907883,
    0.011550560593605042,
    0.011964425444602966,
    0.048240769654512405,
    0.030656497925519943,
    0.021266140043735504,
    0.024876242503523827,
    0.3313179314136505,
    2.568207025527954,
    1.1560794115066528,
    0.08800344914197922,
    2.881661891937256,
    1.0722005367279053,
    2.2046027183532715,
    0.454757958650589
  ],
  "agent_grad_norm_T": [
    200,
    10200,
    20200,
    30200,
    40200,
    50200,
    60200,
    70200,
    80200,
    90200,
    100200,
    110200,
    120200,
    130393,
    140393
  ],
  "critic_grad_norm": [
    1.6595755815505981,
    0.2758239209651947,
    0.058413729071617126,
    0.055767159909009933,
    0.028498124331235886,
    0.32829779386520386,
    0.18849486112594604,
    18.14688491821289,
    18.535808563232422,
    10.263708114624023,
    1.0569735765457153,
    23.76557159423828,
    9.60986042022705,
    4.587495803833008,
    23.019376754760742
  ],
  "critic_grad_norm_T": [
    200,
    10200,
    20200,
    30200,
    40200,
    50200,
    60200,
    70200,
    80200,
    90200,
    100200,
    110200,
    120200,
    130393,
    140393
  ],
  "critic_loss": [
    0.008070471696555614,
    0.0012939474545419216,
    0.0005029196036048234,
    0.0016909337136894464,
    0.0009920266456902027,
    0.002198619768023491,
    0.004208446014672518,
    1.0582045316696167,
    35.43589782714844,
    15.785151481628418,
    0.051430970430374146,
    33.18198776245117,
    18.881839752197266,
    6.667690277099609,
    0.8489757776260376
  ],
  "critic_loss_T": [
    200,
    10200,
    20200,
    30200,
    40200,
    50200,
    60200,
    70200,
    80200,
    90200,
    100200,
    110200,
    120200,
    130393,
    140393
  ],
  "ep_length_mean": [
    20.0,
    20.0,
    20.0,
    20.0,
    20.0,
    20.0,
    20.0,
    20.0,
    20.0,
    20.0,
    20.0,
    20.0,
    20.0,
    19.98627450980392,
    20.0
  ],
  "ep_length_mean_T": [
    200,
    10200,
    20200,
    30200,
    40200,
    50200,
    60200,
    70200,
    80200,
    90200,
    100200,
    110200,
    120200,
    130393,
    140393
  ],
  "episode": [
    2500,
    5000
  ],
  "episode_T": [
    50000,
    100000
  ],
  "pg_loss": [
    -0.08088748157024384,
    0.00986696407198906,
    -0.003890991909429431,
    -0.0069457232020795345,
    -4.35999027104117e-05,
    -0.026134535670280457,
    -0.010407266207039356,
    0.7540960907936096,
    -1.0295332670211792,
    -0.7114856839179993,
    0.01605842262506485,
    -0.8747308254241943,
    0.04217042028903961,
    0.0036194873973727226,
    0.8046550154685974
  ],
  "pg_loss_T": [
    200,
    10200,
    20200,
    30200,
    40200,
    50200,
    60200,
    70200,
    80200,
    90200,
    100200,
    110200,
    120200,
    130393,
    140393
  ],
  "pi_max": [
    0.22150152206420898,
    0.5814572143554687,
    0.45819591522216796,
    0.6420892333984375,
    0.6220936584472656,
    0.5618815231323242,
    0.6069191360473633,
    0.8255854797363281,
    0.7117878723144532,
    0.8107725524902344,
    0.8576636505126953,
    0.75691650390625,
    0.7922629547119141,
    0.7313114929199219,
    0.7399408721923828
  ],
  "pi_max_T": [
    200,
    10200,
    20200,
    30200,
    40200,
    50200,
    60200,
    70200,
    80200,
    90200,
    100200,
    110200,
    120200,
    130393,
    140393
  ],
  "q_taken_mean": [
    -0.034695050716400146,
    0.18403562545776367,
    0.14300642013549805,
    0.27657777786254883,
    0.28288808822631833,
    0.3115286636352539,
    0.6453706359863282,
    1.3537091064453124,
    0.7875274658203125,
    0.5805284881591797,
    0.9582367706298828,
    2.0215853881835937,
    2.427804718017578,
    2.0380545043945313,
    2.859200134277344
  ],
  "q_taken_mean_T": [
    200,
    10200,
    20200,
    30200,
    40200,
    50200,
    60200,
    70200,
    80200,
    90200,
    100200,
    110200,
    120200,
    130393,
    140393
  ],
  "return_mean": [
    {
      "dtype": "float64",
      "py/object": "numpy.float64",
      "value": 0.0
    },
    {
      "dtype": "float64",
      "py/object": "numpy.float64",
      "value": 0.0
    },
    {
      "dtype": "float64",
      "py/object": "numpy.float64",
      "value": 0.0
    },
    {
      "dtype": "float64",
      "py/object": "numpy.float64",
      "value": 0.001
    },
    {
      "dtype": "float64",
      "py/object": "numpy.float64",
      "value": 0.0
    },
    {
      "dtype": "float64",
      "py/object": "numpy.float64",
      "value": 0.002
    },
    {
      "dtype": "float64",
      "py/object": "numpy.float64",
      "value": 0.011
    },
    {
      "dtype": "float64",
      "py/object": "numpy.float64",
      "value": 0.021
    },
    {
      "dtype": "float64",
      "py/object": "numpy.float64",
      "value": 0.043
    },
    {
      "dtype": "float64",
      "py/object": "numpy.float64",
      "value": 0.046
    },
    {
      "dtype": "float64",
      "py/object": "numpy.float64",
      "value": 0.024
    },
    {
      "dtype": "float64",
      "py/object": "numpy.float64",
      "value": 0.035
    },
    {
      "dtype": "float64",
      "py/object": "numpy.float64",
      "value": 0.082
    },
    {
      "dtype": "float64",
      "py/object": "numpy.float64",
      "value": 0.09215686274509804
    },
    {
      "dtype": "float64",
      "py/object": "numpy.float64",
      "value": 0.12
    }
  ],
  "return_mean_T": [
    200,
    10200,
    20200,
    30200,
    40200,
    50200,
    60200,
    70200,
    80200,
    90200,
    100200,
    110200,
    120200,
    130393,
    140393
  ],
  "return_std": [
    {
      "dtype": "float64",
      "py/object": "numpy.float64",
      "value": 0.0
    },
    {
      "dtype": "float64",
      "py/object": "numpy.float64",
      "value": 0.0
    },
    {
      "dtype": "float64",
      "py/object": "numpy.float64",
      "value": 0.0
    },
    {
      "dtype": "float64",
      "py/object": "numpy.float64",
      "value": 0.022338307903688678
    },
    {
      "dtype": "float64",
      "py/object": "numpy.float64",
      "value": 0.0
    },
    {
      "dtype": "float64",
      "py/object": "numpy.float64",
      "value": 0.031559467676119
    },
    {
      "dtype": "float64",
      "py/object": "numpy.float64",
      "value": 0.07334166619323562
    },
    {
      "dtype": "float64",
      "py/object": "numpy.float64",
      "value": 0.10029456615390486
    },
    {
      "dtype": "float64",
      "py/object": "numpy.float64",
      "value": 0.14018202452525785
    },
    {
      "dtype": "float64",
      "py/object": "numpy.float64",
      "value": 0.144512975196001
    },
    {
      "dtype": "float64",
      "py/object": "numpy.float64",
      "value": 0.1068831137270991
    },
    {
      "dtype": "float64",
      "py/object": "numpy.float64",
      "value": 0.12757350822173072
    },
    {
      "dtype": "float64",
      "py/object": "numpy.float64",
      "value": 0.18513778652668395
    },
    {
      "dtype": "float64",
      "py/object": "numpy.float64",
      "value": 0.19638211776634074
    },
    {
      "dtype": "float64",
      "py/object": "numpy.float64",
      "value": 0.21354156504062624
    }
  ],