{
  "advantage_mean": [
    0.07430070877075196,
    0.15724124908447265,
    -0.04033514499664306,
    0.5975231170654297,
    -0.17073455810546875,
    -0.23399097442626954,
    0.43546279907226565,
    0.2572740936279297,
    -0.11321503639221192,
    0.052319908142089845,
    0.937799072265625,
    -0.24685585021972656,
    -0.3499870300292969,
    -0.06402235984802246,
    0.38554718017578127,
    0.1278559970855713,
    0.09872998237609863,
    0.3547140884399414,
    0.23060932159423828,
    -0.2714497947692871,
    0.5446617126464843,
    0.88475341796875,
    0.11120830535888672
  ],
  "advantage_mean_T": [
    200,
    10200,
    20200,
    30200,
    40200,
    50396,
    60396,
    70396,
    80396,
    90396,
    100396,
    110587,
    120781,
    130781,
    140781,
    150781,
    160781,
    170781,
    180781,
    190976,
    201163,
    211163,
    221163
  ],
  "agent_grad_norm": [
    0.14221890270709991,
    1.3386273384094238,
    0.020347218960523605,
    0.46504104137420654,
    0.05622434988617897,
    0.22841398417949677,
    0.7501585483551025,
    1.945104718208313,
    0.19126728177070618,
    0.06305711716413498,
    0.6628246307373047,
    0.07719659805297852,
    0.08438076078891754,
    0.07792245596647263,
    0.7155013084411621,
    0.290883332490921,
    0.22152744233608246,
    0.627092719078064,
    1.0692658424377441,
    0.6605538725852966,
    1.1221661567687988,
    2.4967663288116455,
    0.8788676857948303
  ],
  "agent_grad_norm_T": [
    200,
    10200,
    20200,
    30200,
    40200,
    50396,
    60396,
    70396,
    80396,
    90396,
    100396,
    110587,
    120781,
    130781,
    140781,
    150781,
    160781,
    170781,
    180781,
    190976,
    201163,
    211163,
    221163
  ],
  "critic_grad_norm": [
    1.6436684131622314,
    6.764821529388428,
    0.44195473194122314,
    5.470539093017578,
    1.7470180988311768,
    3.164296865463257,
    5.892732620239258,
    9.786413192749023,
    1.797918677330017,
    0.871300995349884,
    19.287090301513672,
    3.469027042388916,
    6.364651203155518,
    1.293218731880188,
    8.406816482543945,
    6.617028713226318,
    2.0264627933502197,
    10.1644287109375,
    8.736210823059082,
    5.368062973022461,
    14.07596206665039,
    30.65104866027832,
    10.834803581237793
  ],
  "critic_grad_norm_T": [
    200,
    10200,
    20200,
    30200,
    40200,
    50396,
    60396,
    70396,
    80396,
    90396,
    100396,
    110587,
    120781,
    130781,
    140781,
    150781,
    160781,
    170781,
    180781,
    190976,
    201163,
    211163,
    221163
  ],
  "critic_loss": [
    0.006628731265664101,
    39.617530822753906,
    0.008538281545042992,
    23.243318557739258,
    0.034877337515354156,
    0.0753895714879036,
    18.763578414916992,
    13.798133850097656,
    0.08737992495298386,
    0.024235446006059647,
    30.246902465820312,
    0.07806161046028137,
    0.14128859341144562,
    0.032773155719041824,
    10.745238304138184,
    9.884537696838379,
    1.9431909322738647,
    6.936025619506836,
    14.495368957519531,
    6.8991475105285645,
    14.246363639831543,
    21.395612716674805,
    9.87219524383545
  ],
  "critic_loss_T": [
    200,
    10200,
    20200,
    30200,
    40200,
    50396,
    60396,
    70396,
    80396,
    90396,
    100396,
    110587,
    120781,
    130781,
    140781,
    150781,
    160781,
    170781,
    180781,
    190976,
    201163,
    211163,
    221163
  ],
  "ep_length_mean": [
    20.0,
    20.0,
    20.0,
    20.0,
    20.0,
    19.992156862745098,
    20.0,
    20.0,
    20.0,
    20.0,
    20.0,
    19.98235294117647,
    19.988235294117647,
    20.0,
    20.0,
    20.0,
    20.0,
    20.0,
    20.0,
    19.99019607843137,
    19.974509803921567,
    20.0,
    20.0
  ],
  "ep_length_mean_T": [
    200,
    10200,
    20200,
    30200,
    40200,
    50396,
    60396,
    70396,
    80396,
    90396,
    100396,
    110587,
    120781,
    130781,
    140781,
    150781,
    160781,
    170781,
    180781,
    190976,
    201163,
    211163,
    221163
  ],
  "episode": [
    2510,
    5010,
    7520,
    10030
  ],
  "episode_T": [
    50196,
    100196,
    150381,
    200563
  ],
  "pg_loss": [
    -0.07525146752595901,
    -0.18197625875473022,
    0.03968518599867821,
    -0.6049543619155884,
    0.17018598318099976,
    0.23474043607711792,
    -0.46198248863220215,
    -0.27706027030944824,
    0.10967426002025604,
    -0.05306396633386612,
    -0.9501498937606812,
    0.24547135829925537,
    0.349806547164917,
    0.0632961094379425,
    -0.3963853120803833,
    -0.13051627576351166,
    -0.10242632776498795,
    -0.36362147331237793,
    -0.23145826160907745,
    0.2632410526275635,
    -0.5611346960067749,
    -0.9043478965759277,
    -0.1229502260684967
  ],
  "pg_loss_T": [
    200,
    10200,
    20200,
    30200,
    40200,
    50396,
    60396,
    70396,
    80396,
    90396,
    100396,
    110587,
    120781,
    130781,
    140781,
    150781,
    160781,
    170781,
    180781,
    190976,
    201163,
    211163,
    221163
  ],
  "pi_max": [
    0.3352180862426758,
    0.5710169982910156,
    0.8005252075195313,
    0.8250450897216797,
    0.870960464477539,
    0.8685392761230468,
    0.8679354095458984,
    0.7990061950683593,
    0.7720426177978515,
    0.8426504516601563,
    0.8081822204589844,
    0.7856575012207031,
    0.8430701446533203,
    0.752926025390625,
    0.8587739562988281,
    0.865206527709961,
    0.8716232299804687,
    0.9128189849853515,
    0.8715229034423828,
    0.8390802764892578,
    0.8639052581787109,
    0.7670306396484375,
    0.8016462707519532
  ],
  "pi_max_T": [
    200,
    10200,
    20200,
    30200,
    40200,
    50396,
    60396,
    70396,
    80396,
    90396,
    100396,
    110587,
    120781,
    130781,
    140781,
    150781,
    160781,
    170781,
    180781,
    190976,
    201163,
    211163,
    221163
  ],
  "q_taken_mean": [
    -0.05122654914855957,
    0.7745133972167969,
    0.12271533966064453,
    0.2857030296325684,
    0.46840389251708986,
    0.6401964569091797,
    0.692590103149414,
    0.8487367248535156,
    0.832728271484375,
    0.8274111938476563,
    1.1299046325683593,
    0.8529303741455078,
    1.6096856689453125,
    1.1127107238769531,
    1.0513321685791015,
    1.270232925415039,
    1.191874771118164,
    0.8020175170898437,
    2.0693206787109375,
    2.231492462158203,
    1.5859510803222656,
    2.1510273742675783,
    2.390545196533203
  ],
  "q_taken_mean_T": [
    200,
    10200,
    20200,
    30200,
    40200,
    50396,
    60396,
    70396,
    80396,
    90396,
    100396,
    110587,
    120781,
    130781,
    140781,
    150781,
    160781,
    170781,
    180781,
    190976,
    201163,
    211163,
    221163
  ],
  "return_mean": [
    {
      "dtype": "float64",
      "py/object": "numpy.float64",
      "value": 0.0
    },
    {
      "dtype": "float64",
      "py/object": "numpy.float64",
      "value": 0.006
    },
    {
      "dtype": "float64",
      "py/object": "numpy.float64",
      "value": 0.011
    },
    {
      "dtype": "float64",
      "py/object": "numpy.float64",
      "value": 0.013
    },
    {
      "dtype": "float64",
      "py/object": "numpy.float64",
      "value": 0.004
    },
    {
      "dtype": "float64",
      "py/object": "numpy.float64",
      "value": 0.018627450980392157
    },
    {
      "dtype": "float64",
      "py/object": "numpy.float64",
      "value": 0.019
    },
    {
      "dtype": "float64",
      "py/object": "numpy.float64",
      "value": 0.032
    },
    {
      "dtype": "float64",
      "py/object": "numpy.float64",
      "value": 0.021
    },
    {
      "dtype": "float64",
      "py/object": "numpy.float64",
      "value": 0.017
    },
    {
      "dtype": "float64",
      "py/object": "numpy.float64",
      "value": 0.023
    },
    {
      "dtype": "float64",