{
  "advantage_mean": [
    0.06084362030029297,
    -0.015012454986572266
  ],
  "advantage_mean_T": [
    200,
    10200
  ],
  "agent_grad_norm": [
    0.10506338626146317,
    0.00914018601179123
  ],
  "agent_grad_norm_T": [
    200,
    10200
  ],
  "critic_grad_norm": [
    1.0171422958374023,
    0.22215917706489563
  ],
  "critic_grad_norm_T": [
    200,
    10200
  ],
  "critic_loss": [
    0.006515925750136375,
    0.000911159731913358
  ],
  "critic_loss_T": [
    200,
    10200
  ],
  "ep_length_mean": [
    20.0,
    20.0
  ],
  "ep_length_mean_T": [
    200,
    10200
  ],
  "pg_loss": [
    -0.06425405293703079,
    0.014003554359078407
  ],
  "pg_loss_T": [
    200,
    10200
  ],
  "pi_max": [
    0.29891719818115237,
    0.5408945083618164
  ],
  "pi_max_T": [
    200,
    10200
  ],
  "q_taken_mean": [
    -0.3995071029663086,
    -0.14971078872680665
  ],
  "q_taken_mean_T": [
    200,
    10200
  ],
  "return_mean": [
    {
      "dtype": "float64",
      "py/object": "numpy.float64",
      "value": 0.0
    },
    {
      "dtype": "float64",
      "py/object": "numpy.float64",
      "value": 0.0
    }
  ],
  "return_mean_T": [
    200,
    10200
  ],
  "return_std": [
    {
      "dtype": "float64",
      "py/object": "numpy.float64",
      "value": 0.0
    },
    {
      "dtype": "float64",
      "py/object": "numpy.float64",
      "value": 0.0
    }
  ],
  "return_std_T": [
    200,
    10200
  ],
  "target_mean": [
    -0.33866348266601565,
    -0.1647232437133789
  ],
  "target_mean_T": [
    200,
    10200
  ],
  "td_error_abs": [
    0.06803245544433593,
    0.02360461711883545
  ],
  "td_error_abs_T": [
    200,
    10200
  ],
  "test_ep_length_mean": [
    20.0
  ],
  "test_ep_length_mean_T": [
    200
  ],
  "test_return_mean": [
    {
      "dtype": "float64",
      "py/object": "numpy.float64",
      "value": 0.0
    }
  ],
  "test_return_mean_T": [
    200
  ],
  "test_return_std": [
    {
      "dtype": "float64",
      "py/object": "numpy.float64",
      "value": 0.0
    }
  ],
  "test_return_std_T": [
    200
  ]
}