{
  "advantage_mean": [
    0.046431774139404296,
    -0.007168356418609619,
    -0.03843410110473633,
    0.5113028869628906,
    -0.11758258056640625,
    -0.18774732971191407,
    0.3172588195800781,
    -0.574540283203125,
    -0.12544287109375,
    -0.03129851531982422,
    -0.26291937255859377,
    -0.053346046447753905,
    0.07515170288085937,
    -0.14437567113080615,
    -2.159608546857792,
    0.4526306621844952,
    2.6916096417201048,
    0.13172734302023184,
    0.47176345189412433,
    0.5054805650623566,
    0.22586933870493256
  ],
  "advantage_mean_T": [
    500,
    10500,
    20500,
    30500,
    40500,
    50500,
    60500,
    70500,
    80500,
    90500,
    100500,
    110500,
    120976,
    131366,
    141673,
    151809,
    161870,
    171870,
    182071,
    192154,
    202167
  ],
  "agent_grad_norm": [
    0.31223899126052856,
    0.01221624854952097,
    0.08001315593719482,
    1.1306864023208618,
    0.04932372272014618,
    0.047662269324064255,
    0.8352945446968079,
    0.05854186788201332,
    0.04968904331326485,
    0.5732793807983398,
    0.46633753180503845,
    0.4869489371776581,
    0.7974526882171631,
    2.137225866317749,
    3.0585944652557373,
    2.744647979736328,
    4.288360595703125,
    4.59427547454834,
    3.0580050945281982,
    1.9779280424118042,
    2.6403021812438965
  ],
  "agent_grad_norm_T": [
    500,
    10500,
    20500,
    30500,
    40500,
    50500,
    60500,
    70500,
    80500,
    90500,
    100500,
    110500,
    120976,
    131366,
    141673,
    151809,
    161870,
    171870,
    182071,
    192154,
    202167
  ],
  "critic_grad_norm": [
    2.3397774696350098,
    0.18163758516311646,
    1.4285906553268433,
    6.364894390106201,
    1.9802440404891968,
    2.817899703979492,
    6.352552890777588,
    8.57898998260498,
    2.0482242107391357,
    4.944657802581787,
    5.007447242736816,
    3.0484344959259033,
    2.686251640319824,
    6.226685523986816,
    84.13646697998047,
    27.50084686279297,
    81.4478988647461,
    16.258054733276367,
    20.711759567260742,
    20.61064338684082,
    8.223480224609375
  ],
  "critic_grad_norm_T": [
    500,
    10500,
    20500,
    30500,
    40500,
    50500,
    60500,
    70500,
    80500,
    90500,
    100500,
    110500,
    120976,
    131366,
    141673,
    151809,
    161870,
    171870,
    182071,
    192154,
    202167
  ],
  "critic_loss": [
    4.510961532592773,
    0.005232400726526976,
    0.051768284291028976,
    40.93819046020508,
    0.05996456369757652,
    0.04750529304146767,
    19.767688751220703,
    0.37857988476753235,
    0.03342296928167343,
    15.62051773071289,
    8.362702369689941,
    7.4457831382751465,
    14.831275939941406,
    23.28716278076172,
    27.09086036682129,
    22.333419799804688,
    23.181758880615234,
    8.999259948730469,
    6.656688213348389,
    5.233285903930664,
    5.161484718322754
  ],
  "critic_loss_T": [
    500,
    10500,
    20500,
    30500,
    40500,
    50500,
    60500,
    70500,
    80500,
    90500,
    100500,
    110500,
    120976,
    131366,
    141673,
    151809,
    161870,
    171870,
    182071,
    192154,
    202167
  ],
  "ep_length_mean": [
    50.0,
    50.0,
    50.0,
    50.0,
    50.0,
    50.0,
    50.0,
    50.0,
    50.0,
    50.0,
    50.0,
    50.0,
    49.885714285714286,
    49.476190476190474,
    44.81304347826087,
    34.95172413793104,
    31.440625,
    27.77777777777778,
    26.156410256410258,
    24.59268292682927,
    24.421951219512195
  ],
  "ep_length_mean_T": [
    500,
    10500,
    20500,
    30500,
    40500,
    50500,
    60500,
    70500,
    80500,
    90500,
    100500,
    110500,
    120976,
    131366,
    141673,
    151809,
    161870,
    171870,
    182071,
    192154,
    202167
  ],
  "episode": [
    1000,
    2000,
    3100,
    4960
  ],
  "episode_T": [
    50000,
    100000,
    150089,
    200295
  ],
  "pg_loss": [
    -0.0764918178319931,
    0.00585798267275095,
    0.03695452958345413,
    -0.547504186630249,
    0.11701537668704987,
    0.18545158207416534,
    -0.33561980724334717,
    0.5734190940856934,
    0.12386786192655563,
    0.016690166667103767,
    0.2588881850242615,
    0.0388893187046051,
    -0.088655486702919,
    0.12495636194944382,
    2.1304612159729004,
    -0.48139283061027527,
    -2.72774600982666,
    -0.15039904415607452,
    -0.49374473094940186,
    -0.5241454839706421,
    -0.24262715876102448
  ],
  "pg_loss_T": [
    500,
    10500,
    20500,
    30500,
    40500,
    50500,
    60500,
    70500,
    80500,
    90500,
    100500,
    110500,
    120976,
    131366,
    141673,
    151809,
    161870,
    171870,
    182071,
    192154,
    202167
  ],
  "pi_max": [
    0.24854620361328125,
    0.5928436279296875,
    0.529841796875,
    0.6910499267578125,
    0.7980482788085937,
    0.5069783325195313,
    0.703477783203125,
    0.6924708251953124,
    0.62575341796875,
    0.7643053588867188,
    0.6714152221679688,
    0.71312646484375,
    0.7035889892578125,
    0.6471070743456826,
    0.7427338587555066,
    0.6401061542217548,
    0.6488724636893741,
    0.7064964626146399,
    0.6812822341918945,
    0.7038052060188503,
    0.7153060154885239
  ],
  "pi_max_T": [
    500,
    10500,
    20500,
    30500,
    40500,
    50500,
    60500,
    70500,
    80500,
    90500,
    100500,
    110500,
    120976,
    131366,
    141673,
    151809,
    161870,
    171870,
    182071,
    192154,
    202167
  ],
  "q_taken_mean": [
    0.43237103271484373,
    0.7281640625,
    0.7341109619140626,
    0.6988329467773438,
    0.6429577026367187,
    0.7489259033203125,
    0.7460294189453125,
    1.1552333984375,
    0.7812783203125,
    1.1061904296875,
    1.3224232177734374,
    0.9230211181640625,
    1.634733642578125,
    2.301869902220912,
    4.899741017345815,
    3.928485201322115,
    4.307944589956647,
    5.443575917119565,
    5.245435587565104,
    5.2379794339521215,
    6.55222183132764
  ],
  "q_taken_mean_T": [
    500,
    10500,
    20500,
    30500,
    40500,
    50500,
    60500,
    70500,
    80500,
    90500,
    100500,
    110500,
    120976,
    131366,
    141673,
    151809,
    161870,
    171870,
    182071,
    192154,
    202167
  ],
  "return_mean": [
    {
      "dtype": "float64",
      "py/object": "numpy.float64",
      "value": 0.05
    },
    {
      "dtype": "float64",
      "py/object": "numpy.float64",
      "value": 0.0
    },
    {
      "dtype": "float64",
      "py/object": "numpy.float64",
      "value": 0.0025
    },
    {
      "dtype": "float64",
      "py/object": "numpy.float64",
      "value": 0.0125
    },
    {
      "dtype": "float64",
      "py/object": "numpy.float64",
      "value": 0.03
    },
    {
      "dtype": "float64",
      "py/object": "numpy.float64",
      "value": 0.01
    },
    {
      "dtype": "float64",
      "py/object": "numpy.float64",
      "value": 0.0125
    },
    {
      "dtype": "float64",
      "py/object": "numpy.float64",
      "value": 0.045
    },
    {
      "dtype": "float64",
      "py/object": "numpy.float64",
      "value": 0.0425
    },
    {
      "dtype": "float64",
      "py/object": "numpy.float64",
      "value": 0.05
    },
    {
      "dtype": "float64",
      "py/object": "numpy.float64",
      "value": 0.06
    },
    {
      "dtype": "float64",
      "py/object": "numpy.float64",
      "value": 0.075
    },
    {
      "dtype": "float64",
      "py/object": "numpy.float64",
      "value": 0.16428571428571428
    },
    {
      "dtype": "float64",
      "py/object": "numpy.float64",
      "value": 0.24761904761904763
    },
    {
      "dtype": "float64",
      "py/object": "numpy.float64",
      "value": 0.5478260869565217
    },
    {
      "dtype": "float64",
      "py/object": "numpy.float64",
      "value": 0.7965517241379311
    },
    {
      "dtype": "float64",
      "py/object": "numpy.float64",